0,4564,abhi,21/05/21
1,4564,abhi,21/05/21
2,4564,abhi,21/05/21
3,4564,abhi,21/05/21
4,4545,sudhdfgd,15/05/21
5,4545,sudhdfgd,15/05/21
6,4545,sudhdfgd,15/05/21
7,4545,sudhdfgd,15/05/21
8,4545,sudhdfgd,15/05/21
9,4545,sudhdfgd,15/05/21
10,4545,sudhdfgd,15/05/21
11,4545,sudhdfgd,15/05/21
12,4545,sudhdfgd,15/05/21
13,4545,sudhdfgd,15/05/21
14,4545,sudhdfgd,15/05/21
15,4545,sudhdfgd,15/05/21
16,4545,sudhdfgd,15/05/21
17,4545,sudhdfgd,15/05/21
18,4545,sudhdfgd,15/05/21
19,4545,sudhdfgd,15/05/21